id,first_name,last_name,email,age,gender,region,postcode
1,Alice,Smith,alice.smith@example.com,34,Female,London,SW1A 1AA
2,Bob,Johnson,bob.johnson@example.com,45,Male,Manchester,M1 1AE
3,Carol,Williams,carol.williams@example.com,28,Female,Birmingham,B1 1AA
4,David,Brown,david.brown@example.com,52,Male,Leeds,LS1 1UR
5,Emma,Jones,emma.jones@example.com,41,Female,Glasgow,G1 1AA
6,Frank,Garcia,frank.garcia@example.com,36,Male,Edinburgh,EH1 1AA
7,Grace,Miller,grace.miller@example.com,29,Female,Cardiff,CF10 1AA
8,Henry,Davis,henry.davis@example.com,63,Male,Belfast,BT1 1AA
9,Ivy,Rodriguez,ivy.rodriguez@example.com,47,Female,Bristol,BS1 1AA
10,Jack,Martinez,jack.martinez@example.com,31,Male,Liverpool,L1 1AA
11,Karen,Anderson,karen.anderson@example.com,55,Female,Sheffield,S1 1AA
12,Leo,Taylor,leo.taylor@example.com,38,Male,Newcastle,NE1 1AA
13,Maria,Thomas,maria.thomas@example.com,44,Female,Nottingham,NG1 1AA
14,Nathan,Moore,nathan.moore@example.com,26,Male,Southampton,SO14 1AA
15,Olivia,Jackson,olivia.jackson@example.com,59,Female,Plymouth,PL1 1AA
